{"cameraMode":{"drawMode":0,"name":"Shaded","section":"Shading Mode"},"sceneLighting":true,"audioPlay":false,"sceneViewState":{"showFog":false,"showMaterialUpdate":false,"showSkybox":false,"showFlares":false,"showImageEffects":false,"showParticleSystems":false},"in2DMode":false,"pivot":{"x":23.658288955688478,"y":-28.097484588623048,"z":188.8023681640625},"rotation":{"x":0.147356316447258,"y":0.012455699034035206,"z":-0.0018560582539066673,"w":0.9890033006668091},"size":303.5727233886719,"orthographic":false}