{"cameraMode":{"drawMode":0,"name":"Shaded","section":"Shading Mode"},"sceneLighting":false,"audioPlay":false,"sceneViewState":{"showFog":false,"showMaterialUpdate":false,"showSkybox":false,"showFlares":false,"showImageEffects":false,"showParticleSystems":false},"in2DMode":false,"pivot":{"x":26.246112823486329,"y":-6.968292236328125,"z":13.50495719909668},"rotation":{"x":0.6996414661407471,"y":-0.0027910671196877958,"z":0.002732890658080578,"w":0.7144834399223328},"size":117.80156707763672,"orthographic":false}