{"cameraMode":{"drawMode":0,"name":"Shaded","section":"Shading Mode"},"sceneLighting":false,"audioPlay":false,"sceneViewState":{"showFog":false,"showMaterialUpdate":false,"showSkybox":false,"showFlares":false,"showImageEffects":false,"showParticleSystems":false},"in2DMode":false,"pivot":{"x":23.658288955688478,"y":-28.097484588623048,"z":188.8023681640625},"rotation":{"x":0.04438481852412224,"y":-0.021884387359023095,"z":0.000972120906226337,"w":0.9987743496894836},"size":22.0,"orthographic":false}