{"cameraMode":{"drawMode":0,"name":"Shaded","section":"Shading Mode"},"sceneLighting":false,"audioPlay":false,"sceneViewState":{"showFog":false,"showMaterialUpdate":false,"showSkybox":false,"showFlares":false,"showImageEffects":false,"showParticleSystems":false},"in2DMode":false,"pivot":{"x":0.15159934759140016,"y":-2.491443634033203,"z":2.109772205352783},"rotation":{"x":-0.02815624512732029,"y":0.9370401501655579,"z":-0.3392872214317322,"w":-0.07776343077421189},"size":6.034555912017822,"orthographic":false}