{"cameraMode":{"drawMode":0,"name":"Shaded","section":"Shading Mode"},"sceneLighting":false,"audioPlay":false,"sceneViewState":{"showFog":false,"showMaterialUpdate":false,"showSkybox":false,"showFlares":false,"showImageEffects":false,"showParticleSystems":false},"in2DMode":false,"pivot":{"x":1.1433556079864503,"y":0.8681728839874268,"z":2.8005118370056154},"rotation":{"x":0.24462972581386567,"y":-0.2851223945617676,"z":0.07551336288452149,"w":0.92366623878479},"size":7.8889899253845219,"orthographic":false}