{"cameraMode":{"drawMode":0,"name":"Shaded","section":"Shading Mode"},"sceneLighting":false,"audioPlay":false,"sceneViewState":{"showFog":false,"showMaterialUpdate":false,"showSkybox":false,"showFlares":false,"showImageEffects":false,"showParticleSystems":false},"in2DMode":false,"pivot":{"x":-5.560770034790039,"y":5.227867126464844,"z":76.94338989257813},"rotation":{"x":0.15626029670238496,"y":-0.009785334579646588,"z":0.0015479392604902387,"w":0.9876662492752075},"size":137.20126342773438,"orthographic":false}