{"cameraMode":{"drawMode":0,"name":"Shaded","section":"Shading Mode"},"sceneLighting":false,"audioPlay":false,"sceneViewState":{"showFog":false,"showMaterialUpdate":false,"showSkybox":false,"showFlares":false,"showImageEffects":false,"showParticleSystems":false},"in2DMode":false,"pivot":{"x":-48.51317596435547,"y":-1.116353988647461,"z":-29.10108184814453},"rotation":{"x":-0.06409429758787155,"y":0.9037203788757324,"z":-0.14575263857841493,"w":-0.3974136710166931},"size":60.392642974853519,"orthographic":false}