{"cameraMode":{"drawMode":0,"name":"Shaded","section":"Shading Mode"},"sceneLighting":false,"audioPlay":false,"sceneViewState":{"showFog":false,"showMaterialUpdate":false,"showSkybox":false,"showFlares":false,"showImageEffects":false,"showParticleSystems":false},"in2DMode":false,"pivot":{"x":0.12337839603424072,"y":-0.22806131839752198,"z":0.08453559875488281},"rotation":{"x":0.2709601819515228,"y":0.2661450207233429,"z":-0.07823698967695236,"w":0.9217517971992493},"size":1.6357207298278809,"orthographic":false}