{"cameraMode":{"drawMode":0,"name":"Shaded","section":"Shading Mode"},"sceneLighting":false,"audioPlay":false,"sceneViewState":{"showFog":false,"showMaterialUpdate":false,"showSkybox":false,"showFlares":false,"showImageEffects":false,"showParticleSystems":false},"in2DMode":false,"pivot":{"x":0.07284414768218994,"y":-1.6977686882019044,"z":1.4523305892944337},"rotation":{"x":-0.02815624512732029,"y":0.9370401501655579,"z":-0.3392872214317322,"w":-0.07776343077421189},"size":8.206608772277832,"orthographic":false}