{"cameraMode":{"drawMode":0,"name":"Shaded","section":"Shading Mode"},"sceneLighting":false,"audioPlay":false,"sceneViewState":{"showFog":false,"showMaterialUpdate":false,"showSkybox":false,"showFlares":false,"showImageEffects":false,"showParticleSystems":false},"in2DMode":false,"pivot":{"x":1.4947421550750733,"y":2.3168022632598879,"z":-3.1327438354492189},"rotation":{"x":-0.1844543069601059,"y":0.26744967699050906,"z":-0.05224312096834183,"w":-0.9443082213401794},"size":5.075564384460449,"orthographic":false}