{"cameraMode":{"drawMode":0,"name":"Shaded","section":"Shading Mode"},"sceneLighting":false,"audioPlay":false,"sceneViewState":{"showFog":false,"showMaterialUpdate":false,"showSkybox":false,"showFlares":false,"showImageEffects":false,"showParticleSystems":false},"in2DMode":false,"pivot":{"x":1.5257577896118165,"y":-6.469662666320801,"z":-3.5777668952941896},"rotation":{"x":0.13254663348197938,"y":0.7950755953788757,"z":-0.1877586841583252,"w":0.5612779855728149},"size":13.213868141174317,"orthographic":false}