{"cameraMode":{"drawMode":0,"name":"Shaded","section":"Shading Mode"},"sceneLighting":false,"audioPlay":false,"sceneViewState":{"showFog":false,"showMaterialUpdate":false,"showSkybox":false,"showFlares":false,"showImageEffects":false,"showParticleSystems":false},"in2DMode":false,"pivot":{"x":-0.2026042938232422,"y":-0.49439382553100588,"z":1.5518298149108887},"rotation":{"x":0.23426909744739533,"y":0.21146699786186219,"z":-0.052287064492702487,"w":0.9474523067474365},"size":9.476288795471192,"orthographic":false}