{"cameraMode":{"drawMode":0,"name":"Shaded","section":"Shading Mode"},"sceneLighting":false,"audioPlay":false,"sceneViewState":{"showFog":false,"showMaterialUpdate":false,"showSkybox":false,"showFlares":false,"showImageEffects":false,"showParticleSystems":false},"in2DMode":false,"pivot":{"x":33.15212631225586,"y":0.9722061157226563,"z":1.2455596923828126},"rotation":{"x":0.04438481852412224,"y":-0.021884387359023095,"z":0.000972120906226337,"w":0.9987743496894836},"size":213.8675079345703,"orthographic":false}