{"cameraMode":{"drawMode":0,"name":"Shaded","section":"Shading Mode"},"sceneLighting":false,"audioPlay":false,"sceneViewState":{"showFog":false,"showMaterialUpdate":false,"showSkybox":false,"showFlares":false,"showImageEffects":false,"showParticleSystems":false},"in2DMode":false,"pivot":{"x":0.26195454597473147,"y":3.5635476112365724,"z":311.4102478027344},"rotation":{"x":0.008409270085394383,"y":0.003592280438169837,"z":-0.0000305695939459838,"w":0.9999582171440125},"size":325.2793273925781,"orthographic":false}