{"cameraMode":{"drawMode":0,"name":"Shaded","section":"Shading Mode"},"sceneLighting":false,"audioPlay":false,"sceneViewState":{"showFog":false,"showMaterialUpdate":false,"showSkybox":false,"showFlares":false,"showImageEffects":false,"showParticleSystems":false},"in2DMode":false,"pivot":{"x":36.27048873901367,"y":1.6710600852966309,"z":53.79140853881836},"rotation":{"x":0.25836727023124697,"y":0.5001296997070313,"z":-0.15932971239089967,"w":0.8110060095787048},"size":6.710052490234375,"orthographic":false}